Date,Open,High,Low,Close,Adj Close,Volume
2023-05-08,9.987500190734863,9.987500190734863,9.664095878601074,9.987500190734863,9.987500190734863,0
2023-05-09,9.987500190734863,9.71487808227539,9.647286415100098,9.987500190734863,9.987500190734863,0
2023-05-10,10.008999824523926,9.750343322753906,9.65199089050293,10.008999824523926,10.008999824523926,0
2023-05-11,10.010000228881836,10.010000228881836,9.709630966186523,10.010000228881836,10.010000228881836,0
2023-05-12,10.0625,10.095999717712402,9.697327613830566,10.0625,10.0625,0
2023-05-15,9.65903377532959,10.095999717712402,9.735613822937012,9.65903377532959,9.65903377532959,0
2023-05-16,10.107000350952148,9.775501251220703,9.760490417480469,10.107000350952148,10.107000350952148,0
2023-05-17,10.140000343322754,10.140000343322754,9.782757759094238,10.140000343322754,10.140000343322754,0
2023-05-18,10.121999740600586,10.121999740600586,9.809070587158203,10.121999740600586,10.121999740600586,0
2023-05-19,10.197999954223633,10.197999954223633,9.828695297241211,10.197999954223633,10.197999954223633,0
2023-05-22,9.801543235778809,10.204999923706055,9.800819396972656,9.801543235778809,9.801543235778809,0
2023-05-23,10.199999809265137,9.931971549987793,9.888419151306152,10.199999809265137,10.199999809265137,0
2023-05-24,10.1850004196167,9.896405220031738,9.872511863708496,10.1850004196167,10.1850004196167,0
2023-05-25,10.225000381469727,9.933199882507324,9.8866548538208,10.225000381469727,10.225000381469727,0
2023-05-26,10.225000381469727,10.204999923706055,9.846357345581055,10.225000381469727,10.225000381469727,0
2023-05-29,9.865729331970215,9.904733657836914,9.859293937683105,9.865729331970215,9.865729331970215,0
2023-05-30,9.904733657836914,9.90750789642334,9.898961067199707,9.904733657836914,9.904733657836914,0
2023-05-31,10.170000076293945,9.897439002990723,9.846102714538574,10.170000076293945,10.170000076293945,0
2023-06-01,10.17199993133545,9.852282524108887,9.842510223388672,10.17199993133545,10.17199993133545,0
2023-06-02,9.852282524108887,9.837677955627441,9.807699203491211,9.852282524108887,9.852282524108887,0
2023-06-05,9.873583793640137,10.192999839782715,9.827654838562012,9.873583793640137,9.873583793640137,0
2023-06-06,10.197999954223633,9.880215644836426,9.804085731506348,10.197999954223633,10.197999954223633,0
2023-06-07,10.199000358581543,10.199000358581543,9.87052059173584,10.199000358581543,10.199000358581543,0
2023-06-08,10.199000358581543,9.894848823547363,9.879362106323242,10.199000358581543,10.199000358581543,0
2023-06-09,10.11299991607666,9.832036018371582,9.755005836486816,10.11299991607666,10.11299991607666,0
2023-06-12,9.756909370422363,10.145000457763672,9.7752046585083,9.756909370422363,9.756909370422363,0
2023-06-13,10.140000343322754,9.809577941894531,9.778708457946777,10.140000343322754,10.140000343322754,0
2023-06-14,10.140000343322754,9.783859252929688,9.781926155090332,10.140000343322754,10.140000343322754,0
2023-06-15,10.065999984741211,9.759299278259277,9.754744529724121,10.065999984741211,10.065999984741211,0
2023-06-16,9.998000144958496,9.663776397705078,9.63594913482666,9.998000144958496,9.998000144958496,0
2023-06-19,9.62628173828125,9.991000175476074,9.65145492553711,9.62628173828125,9.62628173828125,0
2023-06-20,9.982500076293945,9.982500076293945,9.682733535766602,9.982500076293945,9.982500076293945,0
2023-06-21,9.984999656677246,9.984999656677246,9.665971755981445,9.984999656677246,9.984999656677246,0
2023-06-22,9.956999778747559,9.956999778747559,9.605497360229492,9.956999778747559,9.956999778747559,0
2023-06-23,9.96500015258789,9.991999626159668,9.647491455078125,9.96500015258789,9.96500015258789,0
2023-06-26,9.587764739990234,9.703089714050293,9.611716270446777,9.587764739990234,9.587764739990234,0
2023-06-27,9.937999725341797,9.937999725341797,9.602682113647461,9.937999725341797,9.937999725341797,0
2023-06-28,9.937999725341797,9.62608814239502,9.596983909606934,9.937999725341797,9.937999725341797,0
2023-06-29,9.890999794006348,9.890999794006348,9.653242111206055,9.890999794006348,9.890999794006348,0
2023-06-30,9.890000343322754,9.890000343322754,9.560009002685547,9.890000343322754,9.890000343322754,0
2023-07-03,9.497872352600098,9.518594741821289,9.516995429992676,9.497872352600098,9.497872352600098,0
2023-07-04,9.809000015258789,9.51301097869873,9.48730182647705,9.809000015258789,9.809000015258789,0
2023-07-05,9.48730182647705,9.809000015258789,9.450836181640625,9.48730182647705,9.48730182647705,0
2023-07-06,9.753999710083008,9.753999710083008,9.47953987121582,9.753999710083008,9.753999710083008,0
2023-07-07,9.753999710083008,9.772500038146973,9.488040924072266,9.753999710083008,9.753999710083008,0
2023-07-10,9.41370964050293,9.777999877929688,9.425171852111816,9.41370964050293,9.41370964050293,0
2023-07-11,9.78499984741211,9.478680610656738,9.4356689453125,9.78499984741211,9.78499984741211,0
2023-07-12,9.803999900817871,9.480924606323242,9.421838760375977,9.803999900817871,9.803999900817871,0
2023-07-13,9.744999885559082,9.400198936462402,9.379634857177734,9.744999885559082,9.744999885559082,0
2023-07-14,9.696999549865723,9.359113693237305,9.322757720947266,9.696999549865723,9.696999549865723,0
2023-07-17,9.305063247680664,9.411723136901855,9.324501991271973,9.305063247680664,9.305063247680664,0
2023-07-18,9.696999549865723,9.429718971252441,9.405945777893066,9.696999549865723,9.696999549865723,0
2023-07-19,9.737500190734863,9.737500190734863,9.4503755569458,9.737500190734863,9.737500190734863,0
2023-07-20,9.737500190734863,9.446906089782715,9.426246643066406,9.737500190734863,9.737500190734863,0
2023-07-21,9.426246643066406,9.481088638305664,9.386796951293945,9.426246643066406,9.426246643066406,0
2023-07-24,9.378576278686523,9.439919471740723,9.379419326782227,9.378576278686523,9.378576278686523,0
2023-07-25,9.76099967956543,9.76099967956543,9.466318130493164,9.76099967956543,9.76099967956543,0
2023-07-26,9.76099967956543,9.717499732971191,9.417840003967285,9.76099967956543,9.76099967956543,0
2023-07-27,9.675000190734863,9.675000190734863,9.347183227539062,9.675000190734863,9.675000190734863,0
2023-07-28,9.675000190734863,9.675000190734863,9.417017936706543,9.675000190734863,9.675000190734863,0
2023-07-31,9.392742156982422,9.770000457763672,9.404586791992188,9.392742156982422,9.392742156982422,0
2023-08-01,9.848999977111816,9.848999977111816,9.543814659118652,9.848999977111816,9.848999977111816,0
2023-08-02,9.861000061035156,9.857500076293945,9.527932167053223,9.861000061035156,9.861000061035156,0
2023-08-03,9.608576774597168,9.629789352416992,9.585088729858398,9.608576774597168,9.608576774597168,0
2023-08-04,9.819999694824219,9.571178436279297,9.4262113571167,9.819999694824219,9.819999694824219,0
2023-08-07,9.363141059875488,9.524781227111816,9.36764907836914,9.363141059875488,9.363141059875488,0
2023-08-08,9.523653030395508,9.513083457946777,9.385162353515625,9.523653030395508,9.523653030395508,0
2023-08-09,9.385162353515625,9.414230346679688,9.38469123840332,9.385162353515625,9.385162353515625,0
2023-08-10,9.414230346679688,9.474413871765137,9.41577434539795,9.414230346679688,9.414230346679688,0
2023-08-11,9.474413871765137,9.508559226989746,9.462003707885742,9.474413871765137,9.474413871765137,0
2023-08-14,9.498547554016113,9.622166633605957,9.511706352233887,9.498547554016113,9.498547554016113,0
2023-08-15,9.859999656677246,9.649779319763184,9.58869457244873,9.859999656677246,9.859999656677246,0
2023-08-16,9.871999740600586,9.897000312805176,9.557307243347168,9.871999740600586,9.871999740600586,0
2023-08-17,9.897000312805176,9.897000312805176,9.596927642822266,9.897000312805176,9.897000312805176,0
2023-08-18,9.923999786376953,9.923999786376953,9.923999786376953,9.923999786376953,9.923999786376953,0
2023-08-21,9.519808769226074,9.975000381469727,9.528557777404785,9.519808769226074,9.519808769226074,0
2023-08-22,9.967499732971191,9.967499732971191,9.649565696716309,9.967499732971191,9.967499732971191,0
2023-08-23,9.991000175476074,9.698758125305176,9.684616088867188,9.991000175476074,9.991000175476074,0
2023-08-24,9.991000175476074,10.0,9.644329071044922,9.991000175476074,9.991000175476074,0
2023-08-25,10.039999961853027,9.720460891723633,9.709712028503418,10.039999961853027,10.039999961853027,0
2023-08-28,9.718705177307129,9.85898208618164,9.713397026062012,9.718705177307129,9.718705177307129,0
2023-08-29,9.85898208618164,9.846821784973145,9.824917793273926,9.85898208618164,9.85898208618164,0
2023-08-30,9.824917793273926,9.796250343322754,9.769740104675293,9.824917793273926,9.824917793273926,0
2023-08-31,9.796250343322754,9.829797744750977,9.751852035522461,9.796250343322754,9.796250343322754,0
2023-09-01,9.829797744750977,9.90821361541748,9.861133575439453,9.829797744750977,9.829797744750977,0
2023-09-04,9.952582359313965,9.969941139221191,9.85665512084961,9.952582359313965,9.952582359313965,0
2023-09-05,9.864505767822266,10.039999961853027,9.86323356628418,9.864505767822266,9.864505767822266,0
2023-09-06,9.8731689453125,10.184000015258789,9.8731689453125,9.8731689453125,9.8731689453125,0
2023-09-07,10.1899995803833,10.164999961853027,9.852331161499023,10.1899995803833,10.1899995803833,0
2023-09-08,10.15999984741211,10.15999984741211,9.848238945007324,10.15999984741211,10.15999984741211,0
2023-09-11,9.870070457458496,10.157500267028809,9.870208740234375,9.870070457458496,9.870070457458496,0
2023-09-12,9.863325119018555,9.881790161132812,9.867135047912598,9.863325119018555,9.863325119018555,0
2023-09-13,10.140000343322754,9.852535247802734,9.840046882629395,10.140000343322754,10.140000343322754,0
2023-09-14,10.140000343322754,9.844232559204102,9.83695125579834,10.140000343322754,10.140000343322754,0
2023-09-15,10.256500244140625,10.256500244140625,9.9238862991333,10.256500244140625,10.256500244140625,0
2023-09-18,9.92785930633545,10.272000312805176,9.94109058380127,9.92785930633545,9.92785930633545,0
2023-09-19,10.269000053405762,10.269000053405762,9.890325546264648,10.269000053405762,10.269000053405762,0
2023-09-20,10.258999824523926,10.258999824523926,9.904025077819824,10.258999824523926,10.258999824523926,0
2023-09-21,10.267499923706055,10.267499923706055,9.920987129211426,10.267499923706055,10.267499923706055,0
2023-09-22,10.279999732971191,10.279999732971191,9.908233642578125,10.279999732971191,10.279999732971191,0
2023-09-25,9.963179588317871,9.980666160583496,9.868962287902832,9.963179588317871,9.963179588317871,0
2023-09-26,10.270000457763672,10.270000457763672,9.92299747467041,10.270000457763672,10.270000457763672,0
2023-09-27,10.270000457763672,10.270000457763672,9.970312118530273,10.270000457763672,10.270000457763672,0
2023-09-28,10.319999694824219,10.319999694824219,9.996719360351562,10.319999694824219,10.319999694824219,0
2023-09-29,10.3149995803833,9.979127883911133,9.94305419921875,10.3149995803833,10.3149995803833,0
2023-10-02,9.953715324401855,10.3149995803833,9.974678993225098,9.953715324401855,9.953715324401855,0
2023-10-03,10.317000389099121,10.317000389099121,10.038580894470215,10.317000389099121,10.317000389099121,0
2023-10-04,10.32699966430664,10.32699966430664,10.036665916442871,10.32699966430664,10.32699966430664,0
2023-10-05,10.300999641418457,10.300999641418457,10.024604797363281,10.300999641418457,10.300999641418457,0
2023-10-06,9.998388290405273,10.004552841186523,9.914335250854492,9.998388290405273,9.998388290405273,0
2023-10-09,9.867767333984375,10.044536590576172,9.895112037658691,9.867767333984375,9.867767333984375,0
2023-10-10,10.044536590576172,10.005061149597168,9.939545631408691,10.044536590576172,10.044536590576172,0
2023-10-11,10.256999969482422,9.91706371307373,9.864673614501953,10.256999969482422,10.256999969482422,0
2023-10-12,10.236000061035156,10.236000061035156,9.843826293945312,10.236000061035156,10.236000061035156,0
2023-10-13,10.244999885559082,9.976563453674316,9.88529109954834,10.244999885559082,10.244999885559082,0
2023-10-16,9.889474868774414,10.244999885559082,9.8856201171875,9.889474868774414,9.889474868774414,0
2023-10-17,10.25,10.232500076293945,9.917012214660645,10.25,10.25,0
2023-10-18,10.239999771118164,9.946426391601562,9.920015335083008,10.239999771118164,10.239999771118164,0
2023-10-19,9.946426391601562,10.299500465393066,9.95229721069336,9.946426391601562,9.946426391601562,0
2023-10-20,10.300000190734863,10.300000190734863,9.932299613952637,10.300000190734863,10.300000190734863,0
2023-10-23,9.952850341796875,10.319999694824219,9.969207763671875,9.952850341796875,9.952850341796875,0
2023-10-24,10.319999694824219,9.979480743408203,9.932896614074707,10.319999694824219,10.319999694824219,0
2023-10-25,10.295000076293945,10.009251594543457,9.975602149963379,10.295000076293945,10.295000076293945,0
2023-10-26,10.258000373840332,10.258000373840332,9.980875015258789,10.258000373840332,10.258000373840332,0
2023-10-27,10.258000373840332,9.984118461608887,9.960312843322754,10.258000373840332,10.258000373840332,0
2023-10-30,9.952927589416504,10.258000373840332,9.967814445495605,9.952927589416504,9.952927589416504,0
2023-10-31,10.280500411987305,9.96439266204834,9.962299346923828,10.280500411987305,10.280500411987305,0
2023-11-01,10.280500411987305,9.970373153686523,9.970373153686523,10.280500411987305,10.280500411987305,0
2023-11-02,10.305000305175781,9.929544448852539,9.923567771911621,10.305000305175781,10.305000305175781,0
2023-11-03,9.929544448852539,10.305000305175781,9.957260131835938,9.929544448852539,9.929544448852539,0
2023-11-06,9.88337230682373,10.211000442504883,9.889360427856445,9.88337230682373,9.88337230682373,0
2023-11-07,10.204999923706055,10.22700023651123,9.910648345947266,10.204999923706055,10.204999923706055,0
2023-11-08,10.22700023651123,10.22700023651123,9.890966415405273,10.22700023651123,10.22700023651123,0
2023-11-09,10.1850004196167,10.1850004196167,9.853154182434082,10.1850004196167,10.1850004196167,0
2023-11-10,10.225000381469727,10.230999946594238,9.915759086608887,10.225000381469727,10.225000381469727,0
2023-11-13,9.886053085327148,9.912694931030273,9.911503791809082,9.886053085327148,9.886053085327148,0
2023-11-14,10.218000411987305,10.218000411987305,9.905678749084473,10.218000411987305,10.218000411987305,0
2023-11-15,10.135000228881836,10.133999824523926,9.77078914642334,10.135000228881836,10.135000228881836,0
2023-11-16,10.152000427246094,9.850790023803711,9.842100143432617,10.152000427246094,10.152000427246094,0
2023-11-17,10.152000427246094,9.83525276184082,9.832592964172363,10.152000427246094,10.152000427246094,0
2023-11-20,9.781492233276367,9.831282615661621,9.790457725524902,9.781492233276367,9.781492233276367,0
2023-11-21,10.130000114440918,10.130000114440918,9.804095268249512,10.130000114440918,10.130000114440918,0
2023-11-22,10.130000114440918,9.839466094970703,9.817834854125977,10.130000114440918,10.130000114440918,0
2023-11-23,9.817834854125977,9.82918930053711,9.819071769714355,9.817834854125977,9.817834854125977,0
2023-11-24,9.819071769714355,10.130000114440918,9.801529884338379,9.819071769714355,9.819071769714355,0
2023-11-27,9.77517032623291,10.09000015258789,9.767313957214355,9.77517032623291,9.77517032623291,0
2023-11-28,10.083000183105469,10.083000183105469,9.751272201538086,10.083000183105469,10.083000183105469,0
2023-11-29,10.039999961853027,10.039999961853027,9.708257675170898,10.039999961853027,10.039999961853027,0
2023-11-30,10.039999961853027,10.037500381469727,9.744178771972656,10.039999961853027,10.039999961853027,0
2023-12-01,9.762581825256348,10.07800006866455,9.759822845458984,9.762581825256348,9.762581825256348,0
2023-12-04,9.763318061828613,10.07800006866455,9.778898239135742,9.763318061828613,9.763318061828613,0
2023-12-05,10.07800006866455,10.107000350952148,9.788166046142578,10.07800006866455,10.07800006866455,0
2023-12-06,10.095000267028809,10.095000267028809,9.795719146728516,10.095000267028809,10.095000267028809,0
2023-12-07,10.095000267028809,10.095000267028809,9.800994873046875,10.095000267028809,10.095000267028809,0
2023-12-08,10.109999656677246,10.109999656677246,9.783368110656738,10.109999656677246,10.109999656677246,0
2023-12-11,9.831254959106445,9.858903884887695,9.828926086425781,9.831254959106445,9.831254959106445,0
2023-12-12,9.858903884887695,10.170000076293945,9.838610649108887,9.858903884887695,9.858903884887695,0
2023-12-13,9.842164993286133,9.871232032775879,9.844809532165527,9.842164993286133,9.842164993286133,0
2023-12-14,10.1899995803833,10.1899995803833,9.76845645904541,10.1899995803833,10.1899995803833,0
2023-12-15,10.081000328063965,10.081000328063965,9.751020431518555,10.081000328063965,10.081000328063965,0
2023-12-18,9.835281372070312,9.847467422485352,9.79942798614502,9.835281372070312,9.835281372070312,0
2023-12-19,9.79942798614502,9.795209884643555,9.784682273864746,9.79942798614502,9.79942798614502,0
2023-12-20,10.100000381469727,9.763810157775879,9.737190246582031,10.100000381469727,10.100000381469727,0
2023-12-21,10.039999961853027,10.039999961853027,9.664008140563965,10.039999961853027,10.039999961853027,0
2023-12-22,9.956999778747559,9.650212287902832,9.57729721069336,9.956999778747559,9.956999778747559,0
2023-12-25,9.58960247039795,9.59761905670166,9.596050262451172,9.58960247039795,9.58960247039795,0
2023-12-26,9.596050262451172,9.956999778747559,9.956999778747559,9.596050262451172,9.596050262451172,0
2023-12-27,9.91100025177002,9.91100025177002,9.528937339782715,9.91100025177002,9.91100025177002,0
2023-12-28,9.795000076293945,9.792499542236328,9.475946426391602,9.795000076293945,9.795000076293945,0
2023-12-29,9.88599967956543,9.591898918151855,9.59168815612793,9.88599967956543,9.88599967956543,0
2024-01-01,9.609424591064453,9.623353004455566,9.618124961853027,9.609424591064453,9.609424591064453,0
2024-01-02,9.618124961853027,9.88599967956543,9.6129789352417,9.618124961853027,9.618124961853027,0
2024-01-03,9.927000045776367,9.625618934631348,9.60985279083252,9.927000045776367,9.927000045776367,0
2024-01-04,9.927000045776367,9.619754791259766,9.559464454650879,9.927000045776367,9.927000045776367,0
2024-01-05,9.895000457763672,9.895000457763672,9.557674407958984,9.895000457763672,9.895000457763672,0
2024-01-08,9.608771324157715,9.942500114440918,9.606840133666992,9.608771324157715,9.608771324157715,0
2024-01-09,9.927000045776367,9.64199161529541,9.607104301452637,9.927000045776367,9.927000045776367,0
2024-01-10,9.64199161529541,9.654050827026367,9.644858360290527,9.64199161529541,9.64199161529541,0
2024-01-11,9.946000099182129,9.946000099182129,9.62586784362793,9.946000099182129,9.946000099182129,0
2024-01-12,9.946000099182129,9.954999923706055,9.628506660461426,9.946000099182129,9.946000099182129,0
2024-01-15,9.636404991149902,9.653484344482422,9.634832382202148,9.636404991149902,9.636404991149902,0
2024-01-16,9.634832382202148,9.668115615844727,9.660357475280762,9.634832382202148,9.634832382202148,0
2024-01-17,9.680426597595215,9.67998218536377,9.675477027893066,9.680426597595215,9.680426597595215,0
2024-01-18,9.98799991607666,9.98799991607666,9.653499603271484,9.98799991607666,9.98799991607666,0
2024-01-19,9.98799991607666,9.996999740600586,9.640924453735352,9.98799991607666,9.98799991607666,0
2024-01-22,9.6275634765625,9.954999923706055,9.622088432312012,9.6275634765625,9.6275634765625,0
2024-01-23,9.9399995803833,9.9399995803833,9.638195037841797,9.9399995803833,9.9399995803833,0
2024-01-24,9.980600357055664,9.657899856567383,9.65523910522461,9.980600357055664,9.980600357055664,0
2024-01-25,9.954000473022461,9.954000473022461,9.63819694519043,9.954000473022461,9.954000473022461,0
2024-01-26,9.979999542236328,9.979999542236328,9.645904541015625,9.979999542236328,9.979999542236328,0
2024-01-29,9.653273582458496,9.703319549560547,9.671523094177246,9.653273582458496,9.653273582458496,0
2024-01-30,10.020000457763672,10.020000457763672,9.697184562683105,10.020000457763672,10.020000457763672,0
2024-01-31,10.003000259399414,10.003000259399414,9.69466495513916,10.003000259399414,10.003000259399414,0
2024-02-01,9.998000144958496,9.998000144958496,9.717567443847656,9.998000144958496,9.998000144958496,0
2024-02-02,10.003999710083008,10.003999710083008,9.66701889038086,10.003999710083008,10.003999710083008,0
2024-02-05,9.762212753295898,10.036999702453613,9.747501373291016,9.762212753295898,9.762212753295898,0
2024-02-06,9.756346702575684,10.036999702453613,9.753668785095215,9.756346702575684,9.756346702575684,0
2024-02-07,10.069999694824219,10.069999694824219,9.740139961242676,10.069999694824219,10.069999694824219,0
2024-02-08,10.0600004196167,10.0600004196167,9.741296768188477,10.0600004196167,10.0600004196167,0
2024-02-09,10.041999816894531,10.041999816894531,9.710373878479004,10.041999816894531,10.041999816894531,0
2024-02-12,9.70226764678955,10.031999588012695,9.689236640930176,9.70226764678955,9.70226764678955,0
2024-02-13,10.03499984741211,9.727169036865234,9.720529556274414,10.03499984741211,10.03499984741211,0
2024-02-14,10.065999984741211,10.065999984741211,9.764697074890137,10.065999984741211,10.065999984741211,0
2024-02-15,10.069999694824219,10.069999694824219,9.746445655822754,10.069999694824219,10.069999694824219,0
2024-02-16,10.055000305175781,10.055000305175781,9.725213050842285,10.055000305175781,10.055000305175781,0
2024-02-19,9.7474365234375,9.767189025878906,9.74485969543457,9.7474365234375,9.7474365234375,0
2024-02-20,9.767189025878906,10.0600004196167,9.761425971984863,9.767189025878906,9.767189025878906,0
2024-02-21,10.079999923706055,10.079999923706055,9.748245239257812,10.079999923706055,10.079999923706055,0
2024-02-22,10.076000213623047,9.757624626159668,9.729440689086914,10.076000213623047,10.076000213623047,0
2024-02-23,10.053999900817871,10.053999900817871,9.727250099182129,10.053999900817871,10.053999900817871,0
2024-02-26,9.716882705688477,9.741524696350098,9.741524696350098,9.716882705688477,9.716882705688477,0
2024-02-27,10.017999649047852,10.059000015258789,9.744711875915527,10.017999649047852,10.017999649047852,0
2024-02-28,10.059000015258789,9.823467254638672,9.771484375,10.059000015258789,10.059000015258789,0
2024-02-29,9.80366325378418,9.811809539794922,9.796571731567383,9.80366325378418,9.80366325378418,0
2024-03-01,10.100000381469727,10.100000381469727,9.751511573791504,10.100000381469727,10.100000381469727,0
2024-03-04,9.723616600036621,9.771526336669922,9.737072944641113,9.723616600036621,9.723616600036621,0
2024-03-05,9.771526336669922,9.773688316345215,9.74929141998291,9.771526336669922,9.771526336669922,0
2024-03-06,9.74929141998291,9.75225830078125,9.709859848022461,9.74929141998291,9.74929141998291,0
2024-03-07,10.010000228881836,10.010000228881836,9.691638946533203,10.010000228881836,10.010000228881836,0
2024-03-08,9.654138565063477,9.994000434875488,9.714667320251465,9.654138565063477,9.654138565063477,0
2024-03-11,9.701887130737305,9.720305442810059,9.706275939941406,9.701887130737305,9.701887130737305,0
2024-03-12,10.039999961853027,10.039999961853027,9.723491668701172,10.039999961853027,10.039999961853027,0
2024-03-13,10.029999732971191,10.029999732971191,9.709940910339355,10.029999732971191,10.029999732971191,0
2024-03-14,10.017000198364258,10.017000198364258,9.717153549194336,10.017000198364258,10.017000198364258,0
2024-03-15,10.017000198364258,10.055000305175781,9.712207794189453,10.017000198364258,10.017000198364258,0
2024-03-18,9.714259147644043,10.043999671936035,9.715553283691406,9.714259147644043,9.714259147644043,0
2024-03-19,10.04699993133545,9.767448425292969,9.733391761779785,10.04699993133545,10.04699993133545,0
2024-03-20,10.04699993133545,10.029000282287598,9.719863891601562,10.04699993133545,10.04699993133545,0
2024-03-21,10.038000106811523,9.729092597961426,9.652684211730957,10.038000106811523,10.038000106811523,0
2024-03-22,9.729092597961426,10.038000106811523,9.779928207397461,9.729092597961426,9.729092597961426,0
2024-03-25,9.741174697875977,10.095999717712402,9.760396957397461,9.741174697875977,9.741174697875977,0
2024-03-26,10.09000015258789,10.09000015258789,9.75125789642334,10.09000015258789,10.09000015258789,0
2024-03-27,10.116000175476074,10.116000175476074,9.792806625366211,10.116000175476074,10.116000175476074,0
2024-03-28,10.138999938964844,10.138999938964844,9.815047264099121,10.138999938964844,10.138999938964844,0
2024-03-29,10.138999938964844,9.825157165527344,9.778168678283691,10.138999938964844,10.138999938964844,0
2024-04-01,9.765496253967285,10.079999923706055,9.774317741394043,9.765496253967285,9.765496253967285,0
2024-04-02,10.079999923706055,10.112000465393066,9.76692008972168,10.079999923706055,10.079999923706055,0
2024-04-03,10.07800006866455,10.057499885559082,9.744023323059082,10.07800006866455,10.07800006866455,0
2024-04-04,9.776909828186035,10.0600004196167,9.722403526306152,9.776909828186035,9.776909828186035,0
2024-04-05,10.0600004196167,9.775032997131348,9.768016815185547,10.0600004196167,10.0600004196167,0
2024-04-08,9.763376235961914,10.056500434875488,9.71451473236084,9.763376235961914,9.763376235961914,0
2024-04-09,9.683836936950684,10.017999649047852,9.686156272888184,9.683836936950684,9.683836936950684,0
2024-04-10,10.024999618530273,9.729520797729492,9.729520797729492,10.024999618530273,10.024999618530273,0
2024-04-11,10.024999618530273,9.839426040649414,9.735487937927246,10.024999618530273,10.024999618530273,0
2024-04-12,9.735487937927246,9.738120079040527,9.730485916137695,9.735487937927246,9.735487937927246,0
2024-04-15,10.022000312805176,10.178899765014648,10.022000312805176,9.712250709533691,9.712250709533691,0
2024-04-16,10.022000312805176,9.846535682678223,9.839614868164062,10.022000312805176,10.022000312805176,0
2024-04-17,10.170000076293945,9.854925155639648,9.823013305664062,10.170000076293945,10.170000076293945,0
2024-04-18,9.823013305664062,10.162500381469727,9.802252769470215,9.823013305664062,9.823013305664062,0
2024-04-19,10.1274995803833,10.1274995803833,9.81186294555664,10.1274995803833,10.1274995803833,0
2024-04-22,9.789793968200684,9.829957008361816,9.805047988891602,9.789793968200684,9.789793968200684,0
2024-04-23,10.149999618530273,10.149999618530273,9.813911437988281,10.149999618530273,10.149999618530273,0
2024-04-24,10.149999618530273,9.831280708312988,9.776178359985352,10.149999618530273,10.149999618530273,0
2024-04-25,10.133000373840332,9.815666198730469,9.803709030151367,10.133000373840332,10.133000373840332,0
2024-04-26,10.128000259399414,9.800464630126953,9.778877258300781,10.128000259399414,10.128000259399414,0
2024-04-29,9.808438301086426,10.128000259399414,9.796172142028809,9.808438301086426,9.808438301086426,0
2024-04-30,10.104000091552734,10.104000091552734,9.795687675476074,10.104000091552734,10.104000091552734,0
2024-05-01,10.119999885559082,9.857366561889648,9.802206993103027,10.119999885559082,10.119999885559082,0
2024-05-02,10.095999717712402,10.095999717712402,9.764458656311035,10.095999717712402,10.095999717712402,0
2024-05-03,10.069999694824219,9.771093368530273,9.766227722167969,10.069999694824219,10.069999694824219,0
2024-05-06,9.752753257751465,9.754112243652344,9.709005355834961,9.752753257751465,9.752753257751465,0
2024-05-07,10.031499862670898,10.031499862670898,9.705805778503418,10.031499862670898,10.031499862670898,0
2024-05-08,10.02400016784668,9.729812622070312,9.7103271484375,10.02400016784668,10.02400016784668,0
2024-05-09,10.027999877929688,9.74079704284668,9.71362590789795,10.027999877929688,10.027999877929688,0
2024-05-10,10.027999877929688,9.708698272705078,9.698732376098633,10.027999877929688,10.027999877929688,0
2024-05-13,9.717082023620605,9.725441932678223,9.71288776397705,9.717082023620605,9.717082023620605,0
2024-05-14,9.725441932678223,9.722737312316895,9.707112312316895,9.725441932678223,9.725441932678223,0
2024-05-15,10.017999649047852,10.017999649047852,9.677165985107422,10.017999649047852,10.017999649047852,0
2024-05-16,9.960000038146973,9.960000038146973,9.617026329040527,9.960000038146973,9.960000038146973,0
2024-05-17,9.960000038146973,9.954000473022461,9.64195442199707,9.960000038146973,9.960000038146973,0
2024-05-20,9.59230899810791,9.610655784606934,9.600788116455078,9.59230899810791,9.59230899810791,0
2024-05-21,9.605606079101562,9.932499885559082,9.60401439666748,9.605606079101562,9.605606079101562,0
2024-05-22,9.890000343322754,9.890000343322754,9.593038558959961,9.890000343322754,9.890000343322754,0
2024-05-23,9.912500381469727,9.633560180664062,9.59862232208252,9.912500381469727,9.912500381469727,0
2024-05-24,9.946999549865723,9.946999549865723,9.664484024047852,9.946999549865723,9.946999549865723,0
2024-05-27,9.649883270263672,9.653973579406738,9.617481231689453,9.649883270263672,9.649883270263672,0
2024-05-28,9.617481231689453,9.61522388458252,9.614846229553223,9.617481231689453,9.617481231689453,0
2024-05-29,9.641721725463867,9.647364616394043,9.6325044631958,9.641721725463867,9.641721725463867,0
2024-05-30,9.944999694824219,9.944999694824219,9.65721321105957,9.944999694824219,9.944999694824219,0
2024-05-31,9.96399974822998,9.643839836120605,9.618448257446289,9.96399974822998,9.96399974822998,0
2024-06-03,9.615656852722168,9.954000473022461,9.616366386413574,9.615656852722168,9.615656852722168,0
2024-06-04,9.944999694824219,9.944999694824219,9.611282348632812,9.944999694824219,9.944999694824219,0
2024-06-05,9.932000160217285,9.632039070129395,9.613759994506836,9.932000160217285,9.932000160217285,0
2024-06-06,9.932000160217285,9.875,9.583100318908691,9.932000160217285,9.932000160217285,0
2024-06-07,9.8725004196167,9.90999984741211,9.55634593963623,9.8725004196167,9.8725004196167,0
2024-06-10,9.620615005493164,9.677556991577148,9.655694007873535,9.620615005493164,9.620615005493164,0
2024-06-11,9.658849716186523,9.956999778747559,9.625596046447754,9.658849716186523,9.658849716186523,0
2024-06-12,9.947999954223633,9.947999954223633,9.615734100341797,9.947999954223633,9.947999954223633,0
2024-06-13,9.944000244140625,9.666349411010742,9.59334945678711,9.944000244140625,9.944000244140625,0
2024-06-14,9.960000038146973,9.960000038146973,9.696870803833008,9.960000038146973,9.960000038146973,0
2024-06-17,9.723316192626953,9.726040840148926,9.673317909240723,9.723316192626953,9.723316192626953,0
2024-06-18,9.994999885559082,9.994999885559082,9.651694297790527,9.994999885559082,9.994999885559082,0
2024-06-19,9.994999885559082,9.662029266357422,9.658235549926758,9.994999885559082,9.994999885559082,0
2024-06-20,9.960000038146973,9.662299156188965,9.63206958770752,9.960000038146973,9.960000038146973,0
2024-06-21,9.954000473022461,9.653390884399414,9.638869285583496,9.954000473022461,9.954000473022461,0
2024-06-24,9.620497703552246,9.631071090698242,9.624119758605957,9.620497703552246,9.620497703552246,0
2024-06-25,9.96049976348877,9.927499771118164,9.619816780090332,9.96049976348877,9.96049976348877,0
2024-06-26,9.925000190734863,9.633008003234863,9.604302406311035,9.925000190734863,9.925000190734863,0
2024-06-27,9.942999839782715,9.621356010437012,9.60789966583252,9.942999839782715,9.942999839782715,0
2024-06-28,9.621356010437012,9.63321304321289,9.612371444702148,9.621356010437012,9.621356010437012,0
2024-07-01,9.623955726623535,9.64761734008789,9.600401878356934,9.623955726623535,9.623955726623535,0
2024-07-02,9.956000328063965,9.663874626159668,9.659344673156738,9.956000328063965,9.956000328063965,0
2024-07-03,9.965999603271484,9.645670890808105,9.63622760772705,9.965999603271484,9.965999603271484,0
2024-07-04,9.944999694824219,9.617341041564941,9.59531021118164,9.944999694824219,9.944999694824219,0
2024-07-05,9.59531021118164,9.58084774017334,9.556480407714844,9.59531021118164,9.59531021118164,0
2024-07-08,9.56412410736084,9.5582914352417,9.546549797058105,9.56412410736084,9.56412410736084,0
2024-07-09,9.549901008605957,9.549460411071777,9.540162086486816,9.549901008605957,9.549901008605957,0
2024-07-10,9.54311752319336,9.545368194580078,9.527873992919922,9.54311752319336,9.54311752319336,0
2024-07-11,9.829999923706055,9.538226127624512,9.513813018798828,9.829999923706055,9.829999923706055,0
2024-07-12,9.812000274658203,9.52129077911377,9.502300262451172,9.812000274658203,9.812000274658203,0
2024-07-15,9.474981307983398,9.503697395324707,9.495185852050781,9.474981307983398,9.474981307983398,0
2024-07-16,9.819000244140625,9.514640808105469,9.512927055358887,9.819000244140625,9.819000244140625,0
2024-07-17,9.512720108032227,9.515851974487305,9.513113021850586,9.512720108032227,9.512720108032227,0
2024-07-18,9.8149995803833,9.514416694641113,9.488114356994629,9.8149995803833,9.8149995803833,0
2024-07-19,9.488114356994629,9.537792205810547,9.52151870727539,9.488114356994629,9.488114356994629,0
2024-07-22,9.539851188659668,9.836999893188477,9.513236999511719,9.539851188659668,9.539851188659668,0
2024-07-23,9.836999893188477,9.53601360321045,9.509917259216309,9.836999893188477,9.836999893188477,0
2024-07-24,9.854000091552734,9.575834274291992,9.553464889526367,9.854000091552734,9.854000091552734,0
2024-07-25,9.895000457763672,9.895000457763672,9.523804664611816,9.895000457763672,9.895000457763672,0
2024-07-26,9.523716926574707,9.535431861877441,9.519944190979004,9.523716926574707,9.523716926574707,0
2024-07-29,9.537803649902344,9.552840232849121,9.529902458190918,9.537803649902344,9.537803649902344,0
2024-07-30,9.552840232849121,9.902999877929688,9.566659927368164,9.552840232849121,9.552840232849121,0
2024-07-31,9.89900016784668,9.624677658081055,9.60324764251709,9.89900016784668,9.89900016784668,0
2024-08-01,9.932499885559082,9.932499885559082,9.611318588256836,9.932499885559082,9.932499885559082,0
2024-08-02,9.934000015258789,9.934000015258789,9.560315132141113,9.934000015258789,9.934000015258789,0
2024-08-05,9.479649543762207,9.843999862670898,9.483991622924805,9.479649543762207,9.479649543762207,0
2024-08-06,9.822500228881836,9.832500457763672,9.501490592956543,9.822500228881836,9.822500228881836,0
2024-08-07,9.832500457763672,9.509636878967285,9.501225471496582,9.832500457763672,9.832500457763672,0
2024-08-08,9.501225471496582,9.832500457763672,9.493922233581543,9.501225471496582,9.501225471496582,0
2024-08-09,9.845000267028809,9.845000267028809,9.502639770507812,9.845000267028809,9.845000267028809,0
2024-08-12,9.848999977111816,9.848999977111816,9.500900268554688,9.848999977111816,9.848999977111816,0
2024-08-13,9.8100004196167,9.8100004196167,9.506081581115723,9.8100004196167,9.8100004196167,0
2024-08-14,9.807999610900879,9.807999610900879,9.452271461486816,9.807999610900879,9.807999610900879,0
2024-08-15,9.761500358581543,9.761500358581543,9.458169937133789,9.761500358581543,9.761500358581543,0
2024-08-16,9.492003440856934,9.488975524902344,9.466405868530273,9.492003440856934,9.492003440856934,0
2024-08-19,9.42947769165039,9.770000457763672,9.428192138671875,9.42947769165039,9.42947769165039,0
2024-08-20,9.720999717712402,9.409116744995117,9.387266159057617,9.720999717712402,9.720999717712402,0
2024-08-21,9.692000389099121,9.692000389099121,9.3722505569458,9.692000389099121,9.692000389099121,0
2024-08-22,9.678999900817871,9.678999900817871,9.363469123840332,9.678999900817871,9.678999900817871,0
2024-08-23,9.677000045776367,9.677000045776367,9.34214973449707,9.677000045776367,9.677000045776367,0
2024-08-26,9.264843940734863,9.634499549865723,9.277548789978027,9.264843940734863,9.264843940734863,0
2024-08-27,9.637499809265137,9.637499809265137,9.332180976867676,9.637499809265137,9.637499809265137,0
2024-08-28,9.637999534606934,9.637999534606934,9.351927757263184,9.637999534606934,9.637999534606934,0
2024-08-29,9.356888771057129,9.67199993133545,9.349282264709473,9.356888771057129,9.356888771057129,0
2024-08-30,9.708999633789062,9.713000297546387,9.4089994430542,9.708999633789062,9.708999633789062,0
2024-09-02,9.42775821685791,9.494385719299316,9.494385719299316,9.42775821685791,9.42775821685791,0
2024-09-03,9.494385719299316,9.499537467956543,9.448583602905273,9.494385719299316,9.494385719299316,0
2024-09-04,9.760000228881836,9.461115837097168,9.439818382263184,9.760000228881836,9.760000228881836,0
2024-09-05,9.75,9.734999656677246,9.425135612487793,9.75,9.75,0
2024-09-06,9.41796875,9.416783332824707,9.40412712097168,9.41796875,9.41796875,0
2024-09-09,9.413493156433105,9.729999542236328,9.422711372375488,9.413493156433105,9.413493156433105,0
2024-09-10,9.428260803222656,9.75,9.433175086975098,9.428260803222656,9.428260803222656,0
2024-09-11,9.75,9.779999732971191,9.441471099853516,9.75,9.75,0
2024-09-12,9.780500411987305,9.479641914367676,9.47369384765625,9.780500411987305,9.780500411987305,0
2024-09-13,9.774999618530273,9.774999618530273,9.415122985839844,9.774999618530273,9.774999618530273,0
2024-09-16,9.459322929382324,9.446953773498535,9.441011428833008,9.459322929382324,9.459322929382324,0
2024-09-17,9.75100040435791,9.75100040435791,9.43264389038086,9.75100040435791,9.75100040435791,0
2024-09-18,9.445965766906738,9.75100040435791,9.426329612731934,9.445965766906738,9.445965766906738,0
2024-09-19,9.75100040435791,9.465035438537598,9.407176971435547,9.75100040435791,9.75100040435791,0
2024-09-20,9.6899995803833,9.401656150817871,9.394943237304688,9.6899995803833,9.6899995803833,0
2024-09-23,9.376996040344238,9.6899995803833,9.376367568969727,9.376996040344238,9.376996040344238,0
2024-09-24,9.6899995803833,9.699999809265137,9.387747764587402,9.6899995803833,9.6899995803833,0
2024-09-25,9.668999671936035,9.353804588317871,9.329628944396973,9.668999671936035,9.668999671936035,0
2024-09-26,9.675000190734863,9.395127296447754,9.368488311767578,9.675000190734863,9.675000190734863,0
2024-09-27,9.368488311767578,9.675000190734863,9.354647636413574,9.368488311767578,9.368488311767578,0
2024-09-30,9.68649959564209,9.68649959564209,9.38930606842041,9.68649959564209,9.68649959564209,0
2024-10-01,9.68649959564209,9.720000267028809,9.443102836608887,9.68649959564209,9.68649959564209,0
2024-10-02,9.753999710083008,9.753999710083008,9.443320274353027,9.753999710083008,9.753999710083008,0
2024-10-03,9.753999710083008,9.779999732971191,9.464730262756348,9.753999710083008,9.753999710083008,0
2024-10-04,9.468718528747559,9.767999649047852,9.467732429504395,9.468718528747559,9.468718528747559,0
2024-10-07,9.511951446533203,9.819999694824219,9.51106071472168,9.511951446533203,9.511951446533203,0
2024-10-08,9.819999694824219,9.501578330993652,9.495820999145508,9.819999694824219,9.819999694824219,0
2024-10-09,9.495820999145508,9.805000305175781,9.500852584838867,9.495820999145508,9.495820999145508,0
2024-10-10,9.831999778747559,9.831999778747559,9.508907318115234,9.831999778747559,9.831999778747559,0
2024-10-11,9.829999923706055,9.829999923706055,9.501274108886719,9.829999923706055,9.829999923706055,0
2024-10-14,9.483354568481445,9.508495330810547,9.494422912597656,9.483354568481445,9.483354568481445,0
2024-10-15,9.494422912597656,9.800000190734863,9.503734588623047,9.494422912597656,9.494422912597656,0
2024-10-16,9.829999923706055,9.829999923706055,9.542707443237305,9.829999923706055,9.829999923706055,0
2024-10-17,9.859999656677246,9.859999656677246,9.56247329711914,9.859999656677246,9.859999656677246,0
2024-10-18,9.906999588012695,9.595895767211914,9.590091705322266,9.906999588012695,9.906999588012695,0
2024-10-21,9.561347961425781,9.601364135742188,9.571599960327148,9.561347961425781,9.561347961425781,0
2024-10-22,9.897000312805176,9.897000312805176,9.584066390991211,9.897000312805176,9.897000312805176,0
2024-10-23,9.892000198364258,9.892000198364258,9.58964729309082,9.892000198364258,9.892000198364258,0
2024-10-24,9.892000198364258,9.58124828338623,9.570249557495117,9.892000198364258,9.892000198364258,0
2024-10-25,9.866000175476074,9.560155868530273,9.549290657043457,9.866000175476074,9.866000175476074,0
2024-10-28,9.580513000488281,9.546304702758789,9.546304702758789,9.580513000488281,9.580513000488281,0
2024-10-29,9.84000015258789,9.554778099060059,9.551937103271484,9.84000015258789,9.84000015258789,0
2024-10-30,9.850000381469727,9.850000381469727,9.527627944946289,9.850000381469727,9.850000381469727,0
2024-10-31,9.842000007629395,9.842000007629395,9.520857810974121,9.842000007629395,9.842000007629395,0
2024-11-01,9.842000007629395,9.516350746154785,9.516350746154785,9.842000007629395,9.842000007629395,0
2024-11-04,9.50310230255127,9.833000183105469,9.48675537109375,9.50310230255127,9.50310230255127,0
2024-11-05,9.843000411987305,9.843000411987305,9.520414352416992,9.843000411987305,9.843000411987305,0
2024-11-06,9.787500381469727,9.789999961853027,9.56413745880127,9.787500381469727,9.787500381469727,0
2024-11-07,9.88599967956543,9.88599967956543,9.555928230285645,9.88599967956543,9.88599967956543,0
2024-11-08,9.859999656677246,9.859999656677246,9.548627853393555,9.859999656677246,9.859999656677246,0
2024-11-11,9.613652229309082,9.616477012634277,9.604630470275879,9.613652229309082,9.613652229309082,0
2024-11-12,9.604630470275879,9.918000221252441,9.605965614318848,9.604630470275879,9.604630470275879,0
2024-11-13,9.918000221252441,9.918000221252441,9.591958045959473,9.918000221252441,9.918000221252441,0
2024-11-14,9.947999954223633,9.947999954223633,9.663728713989258,9.947999954223633,9.947999954223633,0
2024-11-15,9.968999862670898,10.011500358581543,9.654500007629395,9.968999862670898,9.968999862670898,0
2024-11-18,9.677112579345703,9.694973945617676,9.680096626281738,9.677112579345703,9.677112579345703,0
2024-11-19,9.991999626159668,9.991999626159668,9.643446922302246,9.991999626159668,9.991999626159668,0
2024-11-20,9.970999717712402,9.668829917907715,9.634719848632812,9.970999717712402,9.970999717712402,0
2024-11-21,9.989999771118164,9.989999771118164,9.67588996887207,9.989999771118164,9.989999771118164,0
2024-11-22,10.003899574279785,10.003899574279785,9.722637176513672,10.003899574279785,10.003899574279785,0
2024-11-25,9.731081008911133,10.0649995803833,9.72431755065918,9.731081008911133,9.731081008911133,0
2024-11-26,10.031000137329102,9.746038436889648,9.672983169555664,10.031000137329102,10.031000137329102,0
2024-11-27,10.031000137329102,10.031000137329102,9.701395988464355,10.031000137329102,10.031000137329102,0
2024-11-28,9.701395988464355,9.68350601196289,9.668638229370117,9.701395988464355,9.701395988464355,0
2024-11-29,9.68350601196289,9.689534187316895,9.675803184509277,9.68350601196289,9.68350601196289,0
2024-12-02,9.712400436401367,9.99899959564209,9.67096996307373,9.664445877075195,9.664445877075195,0
2024-12-03,10.01200008392334,9.707575798034668,9.676961898803711,10.01200008392334,10.01200008392334,0
2024-12-04,9.984999656677246,9.685989379882812,9.661821365356445,9.984999656677246,9.984999656677246,0
2024-12-05,9.946499824523926,9.946499824523926,9.620199203491211,9.946499824523926,9.946499824523926,0
2024-12-06,9.946499824523926,9.916999816894531,9.584243774414062,9.946499824523926,9.946499824523926,0
2024-12-09,9.639261245727539,9.663333892822266,9.66086483001709,9.639261245727539,9.639261245727539,0
2024-12-10,9.671621322631836,9.686467170715332,9.671850204467773,9.671621322631836,9.671621322631836,0
2024-12-11,10.005000114440918,9.984999656677246,9.635194778442383,10.005000114440918,10.005000114440918,0
2024-12-12,9.984999656677246,9.65955924987793,9.643264770507812,9.984999656677246,9.984999656677246,0
2024-12-13,9.65955924987793,9.688730239868164,9.654742240905762,9.65955924987793,9.65955924987793,0
2024-12-16,9.641969680786133,9.648677825927734,9.631382942199707,9.641969680786133,9.641969680786133,0
2024-12-17,9.648677825927734,9.67940902709961,9.626761436462402,9.648677825927734,9.648677825927734,0
2024-12-18,9.677841186523438,9.667888641357422,9.662459373474121,9.677841186523438,9.677841186523438,0
2024-12-19,9.662459373474121,9.771987915039062,9.711200714111328,9.662459373474121,9.662459373474121,0
2024-12-20,9.711200714111328,9.746996879577637,9.734621047973633,9.711200714111328,9.711200714111328,0
2024-12-23,9.698280334472656,9.745988845825195,9.695862770080566,9.698280334472656,9.698280334472656,0
2024-12-24,9.745988845825195,9.751236915588379,9.731514930725098,9.745988845825195,9.745988845825195,0
2024-12-25,9.751236915588379,9.747909545898438,9.74182415008545,9.751236915588379,9.751236915588379,0
2024-12-26,9.751236915588379,9.747909545898438,9.74182415008545,9.751236915588379,9.751236915588379,0
2024-12-27,9.74182415008545,9.764375686645508,9.764375686645508,9.74182415008545,9.74182415008545,0
2024-12-30,9.77538013458252,9.776129722595215,9.764126777648926,9.77538013458252,9.77538013458252,0
2024-12-31,9.764126777648926,9.804357528686523,9.776212692260742,9.764126777648926,9.764126777648926,0
2025-01-02,9.789861679077148,9.789861679077148,9.789861679077148,9.764126777648926,9.764126777648926,0
2025-01-03,9.789861679077148,9.848775863647461,9.758336067199707,9.789861679077148,9.789861679077148,0
2025-01-06,9.740172386169434,9.74234390258789,9.679610252380371,9.740172386169434,9.740172386169434,0
2025-01-07,10.007499694824219,9.70860767364502,9.681814193725586,10.007499694824219,10.007499694824219,0
2025-01-08,10.032500267028809,10.032500267028809,9.73427677154541,10.032500267028809,10.032500267028809,0
2025-01-09,10.032500267028809,10.043999671936035,9.716803550720215,10.032500267028809,10.032500267028809,0
2025-01-10,10.043999671936035,9.736167907714844,9.719730377197266,10.043999671936035,10.043999671936035,0
2025-01-13,9.7633695602417,10.042499542236328,9.77619457244873,9.7633695602417,9.7633695602417,0
2025-01-14,10.074999809265137,9.74410343170166,9.721064567565918,10.074999809265137,10.074999809265137,0
2025-01-15,10.074999809265137,10.057000160217285,9.689517974853516,10.074999809265137,10.074999809265137,0
2025-01-16,10.062999725341797,9.740514755249023,9.729180335998535,10.062999725341797,10.062999725341797,0
2025-01-17,10.062999725341797,9.71947193145752,9.708599090576172,10.062999725341797,10.062999725341797,0
2025-01-20,9.716171264648438,9.7296724319458,9.693135261535645,9.716171264648438,9.716171264648438,0
2025-01-21,9.693135261535645,9.710474967956543,9.646587371826172,9.693135261535645,9.693135261535645,0
2025-01-22,10.015999794006348,10.015999794006348,9.654438972473145,10.015999794006348,10.015999794006348,0
2025-01-23,9.994000434875488,9.68886661529541,9.67770767211914,9.994000434875488,9.994000434875488,0
2025-01-24,10.008999824523926,10.008999824523926,9.660009384155273,10.008999824523926,10.008999824523926,0
2025-01-27,9.64409065246582,9.970999717712402,9.634973526000977,9.64409065246582,9.64409065246582,0
2025-01-28,9.994999885559082,9.704715728759766,9.696724891662598,9.994999885559082,9.994999885559082,0
2025-01-29,10.005999565124512,10.005999565124512,9.67690658569336,10.005999565124512,10.005999565124512,0
2025-01-30,9.991999626159668,9.991999626159668,9.653411865234375,9.991999626159668,9.991999626159668,0
2025-01-31,9.991999626159668,10.024999618530273,9.706636428833008,9.991999626159668,9.991999626159668,0
2025-02-03,9.863044738769531,9.840983390808105,9.7583589553833,9.863044738769531,9.863044738769531,0
2025-02-04,10.045999526977539,9.748189926147461,9.697190284729004,10.045999526977539,10.045999526977539,0
2025-02-05,10.045000076293945,9.701062202453613,9.686150550842285,10.045000076293945,10.045000076293945,0
2025-02-06,10.021001815795898,10.120200157165527,10.020000457763672,10.005000114440918,10.005000114440918,0
2025-02-07,10.005000114440918,10.005000114440918,9.677480697631836,10.005000114440918,10.005000114440918,0
2025-02-10,9.721735954284668,10.039999961853027,9.706603050231934,9.721735954284668,9.721735954284668,0
2025-02-11,10.042499542236328,9.703618049621582,9.703618049621582,10.042499542236328,10.042499542236328,0
2025-02-12,10.042499542236328,10.042499542236328,9.669807434082031,10.042499542236328,10.042499542236328,0
2025-02-13,9.977999687194824,9.69176197052002,9.650596618652344,9.977999687194824,9.977999687194824,0
2025-02-14,9.965999603271484,9.965999603271484,9.624212265014648,9.965999603271484,9.965999603271484,0
2025-02-17,9.630708694458008,9.63817024230957,9.624428749084473,9.630708694458008,9.630708694458008,0
2025-02-18,9.63817024230957,9.947500228881836,9.652168273925781,9.63817024230957,9.63817024230957,0
2025-02-19,9.975000381469727,9.668122291564941,9.655381202697754,9.975000381469727,9.975000381469727,0
2025-02-20,9.980999946594238,9.980999946594238,9.646880149841309,9.980999946594238,9.980999946594238,0
2025-02-21,9.949999809265137,9.949999809265137,9.604886054992676,9.949999809265137,9.949999809265137,0
2025-02-24,9.63355827331543,9.946000099182129,9.585427284240723,9.63355827331543,9.63355827331543,0
2025-02-25,9.937999725341797,9.6388521194458,9.58785629272461,9.937999725341797,9.937999725341797,0
2025-02-26,9.906999588012695,9.597407341003418,9.57158088684082,9.906999588012695,9.906999588012695,0
2025-02-27,9.906999588012695,9.60633659362793,9.597496032714844,9.906999588012695,9.906999588012695,0
2025-02-28,9.956000328063965,9.684270858764648,9.622710227966309,9.956000328063965,9.956000328063965,0
2025-03-03,9.64583969116211,9.608672142028809,9.598154067993164,9.64583969116211,9.64583969116211,0
2025-03-04,9.979999542236328,9.578295707702637,9.56721305847168,9.979999542236328,9.979999542236328,0
2025-03-05,9.850000381469727,9.850000381469727,9.485481262207031,9.850000381469727,9.850000381469727,0
2025-03-06,9.755000114440918,9.444334030151367,9.379576683044434,9.755000114440918,9.755000114440918,0
2025-03-07,9.444334030151367,9.755000114440918,9.415024757385254,9.444334030151367,9.444334030151367,0
2025-03-10,9.421584129333496,9.725000381469727,9.407477378845215,9.421584129333496,9.421584129333496,0
2025-03-11,9.739999771118164,9.404370307922363,9.369546890258789,9.739999771118164,9.739999771118164,0
2025-03-12,9.65250015258789,9.380763053894043,9.369073867797852,9.65250015258789,9.65250015258789,0
2025-03-13,9.6875,9.38609504699707,9.384468078613281,9.6875,9.6875,0
2025-03-14,9.38609504699707,9.359573364257812,9.359573364257812,9.38609504699707,9.38609504699707,0
2025-03-17,9.34410572052002,9.378581047058105,9.355379104614258,9.34410572052002,9.34410572052002,0
2025-03-18,9.642999649047852,9.347060203552246,9.337332725524902,9.642999649047852,9.642999649047852,0
2025-03-19,9.612000465393066,9.612000465393066,9.32106876373291,9.612000465393066,9.612000465393066,0
2025-03-20,9.64799976348877,9.347857475280762,9.327930450439453,9.64799976348877,9.64799976348877,0
2025-03-21,9.631999969482422,9.345832824707031,9.287922859191895,9.631999969482422,9.631999969482422,0
2025-03-24,9.266192436218262,9.310186386108398,9.284266471862793,9.266192436218262,9.266192436218262,0
2025-03-25,9.574999809265137,9.574999809265137,9.25706672668457,9.574999809265137,9.574999809265137,0
2025-03-26,9.569000244140625,9.569000244140625,9.281766891479492,9.569000244140625,9.569000244140625,0
2025-03-27,9.614999771118164,9.324416160583496,9.294677734375,9.614999771118164,9.614999771118164,0
2025-03-28,9.625,9.35777759552002,9.294161796569824,9.625,9.625,0
2025-03-31,9.259149551391602,9.30534553527832,9.29290771484375,9.259149551391602,9.259149551391602,0
2025-04-01,9.619999885559082,9.329850196838379,9.300618171691895,9.619999885559082,9.619999885559082,0
2025-04-02,9.6225004196167,9.331536293029785,9.303082466125488,9.6225004196167,9.6225004196167,0
2025-04-03,9.581999778747559,9.22449016571045,9.204028129577637,9.581999778747559,9.581999778747559,0
2025-04-04,9.524999618530273,9.196455955505371,9.18294620513916,9.524999618530273,9.524999618530273,0
2025-04-07,9.27270221710205,9.227160453796387,9.227160453796387,9.27270221710205,9.27270221710205,0
2025-04-08,9.524999618530273,9.238883018493652,9.234777450561523,9.524999618530273,9.524999618530273,0
2025-04-09,9.545000076293945,9.193594932556152,9.171357154846191,9.545000076293945,9.545000076293945,0
2025-04-10,9.545000076293945,9.240755081176758,9.164156913757324,9.545000076293945,9.545000076293945,0
2025-04-11,9.399999618530273,9.005470275878906,8.976313591003418,9.399999618530273,9.399999618530273,0
2025-04-14,8.999712944030762,8.968954086303711,8.968954086303711,8.999712944030762,8.999712944030762,0
2025-04-15,9.284000396728516,8.9951171875,8.9951171875,9.284000396728516,9.284000396728516,0
2025-04-16,8.9951171875,8.980117797851562,8.980117797851562,8.9951171875,8.9951171875,0
2025-04-17,8.980117797851562,8.978419303894043,8.970474243164062,8.980117797851562,8.980117797851562,0
2025-04-22,8.920937538146973,8.920937538146973,8.920937538146973,9.270000457763672,9.270000457763672,0
2025-04-23,8.9918851852417,8.9918851852417,8.957132339477539,9.229999542236328,9.229999542236328,0
2025-04-24,9.00462818145752,9.00462818145752,8.969717025756836,8.957132339477539,8.957132339477539,0
2025-04-25,9.00208854675293,9.00208854675293,8.976168632507324,8.969717025756836,8.969717025756836,0
2025-04-28,8.970087051391602,8.974898338317871,8.970087051391602,9.25,9.25,0
2025-04-29,8.974898338317871,8.974620819091797,8.934468269348145,8.974898338317871,8.974898338317871,0
2025-04-30,9.257499694824219,9.257499694824219,8.9674654006958,9.257499694824219,9.257499694824219,0
2025-05-01,9.265000343322754,9.001483917236328,8.996834754943848,9.265000343322754,9.265000343322754,0
2025-05-02,9.297499656677246,8.974581718444824,8.974581718444824,9.297499656677246,9.297499656677246,0
2025-05-05,8.993675231933594,8.917529106140137,8.917529106140137,8.993675231933594,8.993675231933594,0
2025-05-06,8.917529106140137,8.936823844909668,8.936823844909668,8.917529106140137,8.917529106140137,0
2025-05-07,8.936823844909668,8.917257308959961,8.917257308959961,8.936823844909668,8.936823844909668,0
2025-05-08,8.917257308959961,8.927653312683105,8.927653312683105,8.917257308959961,8.917257308959961,0
2025-05-09,8.927653312683105,8.945322036743164,8.945322036743164,8.927653312683105,8.927653312683105,0
2025-05-12,8.942023277282715,9.006651878356934,9.006651878356934,8.942023277282715,8.942023277282715,0
2025-05-13,9.34000015258789,9.018318176269531,9.003853797912598,9.34000015258789,9.34000015258789,0
2025-05-14,9.295000076293945,9.295000076293945,8.99133014678955,9.295000076293945,9.295000076293945,0
2025-05-15,9.29699993133545,8.986897468566895,8.986897468566895,9.29699993133545,9.29699993133545,0
2025-05-16,9.284000396728516,9.284000396728516,8.969549179077148,9.284000396728516,9.284000396728516,0
2025-05-19,8.985065460205078,8.93537425994873,8.93537425994873,8.985065460205078,8.985065460205078,0
2025-05-20,8.93537425994873,8.973050117492676,8.951942443847656,8.93537425994873,8.93537425994873,0
2025-05-21,8.951942443847656,8.920719146728516,8.914895057678223,8.951942443847656,8.951942443847656,0
2025-05-22,9.210000038146973,8.931744575500488,8.927642822265625,9.210000038146973,9.210000038146973,0
2025-05-23,8.927642822265625,8.895421028137207,8.895421028137207,8.927642822265625,8.927642822265625,0
2025-05-26,8.877776145935059,8.88854694366455,8.854411125183105,8.877776145935059,8.877776145935059,0
2025-05-27,8.88854694366455,8.930326461791992,8.875448226928711,8.88854694366455,8.88854694366455,0
2025-05-28,8.930326461791992,8.95982837677002,8.938677787780762,8.930326461791992,8.930326461791992,0
2025-05-29,8.95982837677002,8.956659317016602,8.956659317016602,8.95982837677002,8.95982837677002,0
2025-05-30,8.956659317016602,8.940937042236328,8.940937042236328,8.956659317016602,8.956659317016602,0
2025-06-02,8.925775527954102,8.913097381591797,8.901942253112793,8.925775527954102,8.925775527954102,0
2025-06-03,8.901942253112793,8.901420593261719,8.886384010314941,8.901942253112793,8.901942253112793,0
2025-06-04,8.901420593261719,8.910337448120117,8.898276329040527,8.901420593261719,8.901420593261719,0
2025-06-05,8.898276329040527,9.166999816894531,8.861040115356445,8.898276329040527,8.898276329040527,0
2025-06-06,9.142999649047852,8.8544340133667,8.8544340133667,9.142999649047852,9.142999649047852,0
2025-06-09,8.865839004516602,8.865839004516602,8.865839004516602,8.869030952453613,8.869030952453613,0
2025-06-10,9.15999984741211,8.856536865234375,8.856536865234375,9.15999984741211,9.15999984741211,0
2025-06-11,9.15999984741211,9.154999732971191,8.860417366027832,9.15999984741211,9.15999984741211,0
2025-06-12,9.12600040435791,8.808713912963867,8.808713912963867,9.12600040435791,9.12600040435791,0
2025-06-13,9.12600040435791,9.112000465393066,8.836299896240234,9.12600040435791,9.12600040435791,0
2025-06-16,8.808878898620605,8.825337409973145,8.810030937194824,8.808878898620605,8.808878898620605,0
2025-06-17,9.119999885559082,9.119999885559082,8.814854621887207,9.119999885559082,9.119999885559082,0
2025-06-18,9.119999885559082,8.847219467163086,8.844680786132812,9.119999885559082,9.119999885559082,0
2025-06-19,9.156000137329102,8.862398147583008,8.855684280395508,9.156000137329102,9.156000137329102,0
2025-06-20,9.156000137329102,8.837363243103027,8.837363243103027,9.156000137329102,9.156000137329102,0
2025-06-23,8.829581260681152,8.858052253723145,8.857263565063477,8.829581260681152,8.829581260681152,0
2025-06-24,9.132499694824219,8.803316116333008,8.759822845458984,9.132499694824219,9.132499694824219,0
2025-06-25,8.803316116333008,9.086999893188477,8.810871124267578,8.803316116333008,8.803316116333008,0
2025-06-26,9.086999893188477,9.067500114440918,8.755210876464844,9.086999893188477,9.086999893188477,0
2025-06-27,9.022000312805176,8.778722763061523,8.735072135925293,9.022000312805176,9.022000312805176,0
2025-06-30,8.732352256774902,8.735593795776367,8.726783752441406,8.732352256774902,8.732352256774902,0
2025-07-01,8.9975004196167,8.9975004196167,8.688584327697754,8.9975004196167,8.9975004196167,0
2025-07-02,8.970000267028809,8.699542045593262,8.689908027648926,8.970000267028809,8.970000267028809,0
2025-07-03,8.676724433898926,8.97249984741211,8.676724433898926,8.676724433898926,8.676724433898926,0
2025-07-04,8.97249984741211,8.703426361083984,8.684341430664062,8.97249984741211,8.97249984741211,0
2025-07-07,8.686590194702148,8.712471008300781,8.68588924407959,8.686590194702148,8.686590194702148,0
2025-07-08,9.012999534606934,9.012999534606934,8.698895454406738,9.012999534606934,9.012999534606934,0
2025-07-09,9.0,9.0,8.715126991271973,9.0,9.0,0
2025-07-10,9.0,8.994999885559082,8.685515403747559,9.0,9.0,0
2025-07-11,8.994999885559082,8.994999885559082,8.71431827545166,8.994999885559082,8.994999885559082,0
2025-07-14,8.714205741882324,8.994999885559082,8.707240104675293,8.714205741882324,8.714205741882324,0
2025-07-15,9.02299976348877,8.729900360107422,8.724398612976074,9.02299976348877,9.02299976348877,0
2025-07-16,9.057000160217285,8.78104019165039,8.756969451904297,9.057000160217285,9.057000160217285,0
2025-07-17,9.041000366210938,9.041000366210938,8.74958610534668,9.041000366210938,9.041000366210938,0
2025-07-18,8.757919311523438,9.072999954223633,8.739087104797363,8.757919311523438,8.757919311523438,0
2025-07-21,8.758243560791016,8.766838073730469,8.738067626953125,8.758243560791016,8.758243560791016,0
2025-07-22,9.026000022888184,8.718803405761719,8.716501235961914,9.026000022888184,9.026000022888184,0
2025-07-23,9.026000022888184,9.026000022888184,8.685181617736816,9.026000022888184,9.026000022888184,0
2025-07-24,8.984999656677246,8.69277286529541,8.673080444335938,8.984999656677246,8.984999656677246,0
2025-07-25,8.984999656677246,8.709430694580078,8.688002586364746,8.984999656677246,8.984999656677246,0
2025-07-28,8.68774700164795,8.984999656677246,8.675525665283203,8.68774700164795,8.68774700164795,0
2025-07-29,9.055000305175781,9.055000305175781,8.789751052856445,9.055000305175781,9.055000305175781,0
2025-07-30,9.085000038146973,8.800731658935547,8.800731658935547,9.085000038146973,9.085000038146973,0
2025-07-31,9.100000381469727,8.839686393737793,8.839686393737793,9.100000381469727,9.100000381469727,0
2025-08-01,9.100000381469727,8.856799125671387,8.856799125671387,9.100000381469727,9.100000381469727,0
2025-08-04,8.723264694213867,9.081999778747559,8.74280071258545,8.723264694213867,8.723264694213867,0
2025-08-05,9.072500228881836,8.817767143249512,8.776824951171875,9.072500228881836,9.072500228881836,0
2025-08-06,9.085000038146973,9.085000038146973,8.7786283493042,9.085000038146973,9.085000038146973,0
2025-08-07,9.0600004196167,9.0600004196167,8.744877815246582,9.0600004196167,9.0600004196167,0
2025-08-08,9.0600004196167,8.7571439743042,8.7571439743042,9.0600004196167,9.0600004196167,0
2025-08-11,8.75267219543457,8.749791145324707,8.749791145324707,8.75267219543457,8.75267219543457,0
2025-08-12,9.057000160217285,9.057000160217285,8.766938209533691,9.057000160217285,9.057000160217285,0
2025-08-13,9.029999732971191,9.029999732971191,8.723114013671875,9.029999732971191,9.029999732971191,0
2025-08-14,8.994000434875488,8.714700698852539,8.714700698852539,8.994000434875488,8.994000434875488,0
2025-08-15,8.994000434875488,8.714713096618652,8.714713096618652,8.994000434875488,8.994000434875488,0
2025-08-18,8.70466136932373,8.720934867858887,8.705591201782227,8.70466136932373,8.70466136932373,0
2025-08-19,9.005000114440918,9.005000114440918,8.722100257873535,9.005000114440918,9.005000114440918,0
2025-08-20,9.015999794006348,9.015999794006348,8.731790542602539,9.015999794006348,9.015999794006348,0
2025-08-21,9.015999794006348,9.015999794006348,8.725571632385254,9.015999794006348,9.015999794006348,0
2025-08-22,9.018500328063965,8.755208969116211,8.753522872924805,9.018500328063965,9.018500328063965,0
2025-08-25,8.68052864074707,8.710137367248535,8.68052864074707,8.661093711853027,8.661093711853027,0
2025-08-26,9.039999961853027,8.745096206665039,8.736804962158203,9.039999961853027,9.039999961853027,0
2025-08-27,9.039999961853027,8.766446113586426,8.744500160217285,9.039999961853027,9.039999961853027,0
2025-08-28,9.069999694824219,8.72968864440918,8.72968864440918,9.069999694824219,9.069999694824219,0
2025-08-29,8.72251033782959,8.725554466247559,8.725554466247559,8.72251033782959,8.72251033782959,0
2025-09-01,8.709389686584473,8.702280044555664,8.695786476135254,8.709389686584473,8.709389686584473,0
2025-09-02,8.695786476135254,8.752799034118652,8.711685180664062,8.695786476135254,8.695786476135254,0
2025-09-03,9.039999961853027,8.803194999694824,8.803194999694824,9.039999961853027,9.039999961853027,0
2025-09-04,9.039999961853027,9.069999694824219,8.802214622497559,9.039999961853027,9.039999961853027,0
2025-09-05,9.069999694824219,9.072500228881836,8.801831245422363,9.069999694824219,9.069999694824219,0
2025-09-08,8.774237632751465,8.741341590881348,8.741341590881348,8.774237632751465,8.774237632751465,0
2025-09-09,9.020000457763672,8.705363273620605,8.705363273620605,9.020000457763672,9.020000457763672,0
2025-09-10,9.024999618530273,8.746965408325195,8.734809875488281,9.024999618530273,9.024999618530273,0
2025-09-11,9.024999618530273,8.741233825683594,8.735193252563477,9.024999618530273,9.024999618530273,0
2025-09-12,9.007499694824219,8.71828842163086,8.700836181640625,9.007499694824219,9.007499694824219,0
2025-09-15,8.718955993652344,8.722562789916992,8.703289031982422,8.718955993652344,8.718955993652344,0
2025-09-16,8.975000381469727,8.690093040466309,8.690093040466309,8.975000381469727,8.975000381469727,0
2025-09-17,8.960000038146973,8.960000038146973,8.645849227905273,8.960000038146973,8.960000038146973,0
2025-09-18,8.960000038146973,8.697754859924316,8.69582462310791,8.960000038146973,8.960000038146973,0
2025-09-19,9.0,8.74423599243164,8.734759330749512,9.0,9.0,0
2025-09-22,8.74260425567627,9.0,8.732033729553223,8.74260425567627,8.74260425567627,0
2025-09-23,9.02750015258789,9.02750015258789,8.743914604187012,9.02750015258789,9.02750015258789,0
2025-09-24,9.02750015258789,9.038000106811523,8.766401290893555,9.02750015258789,9.02750015258789,0
2025-09-25,9.053999900817871,8.769832611083984,8.748418807983398,9.053999900817871,9.053999900817871,0
2025-09-26,9.087499618530273,8.810050964355469,8.800623893737793,9.087499618530273,9.087499618530273,0
2025-09-29,8.782690048217773,9.083999633789062,8.768457412719727,8.782690048217773,8.782690048217773,0
2025-09-30,9.082500457763672,9.082500457763672,8.79060173034668,9.082500457763672,9.082500457763672,0
2025-10-01,9.086000442504883,9.086000442504883,8.803934097290039,9.086000442504883,9.086000442504883,0
2025-10-02,9.086000442504883,9.081999778747559,8.804192543029785,9.086000442504883,9.086000442504883,0
2025-10-03,9.081999778747559,9.114999771118164,8.816170692443848,9.081999778747559,9.081999778747559,0
2025-10-06,8.809676170349121,8.838313102722168,8.827495574951172,8.809676170349121,8.809676170349121,0
2025-10-07,9.109999656677246,9.109999656677246,8.807591438293457,9.109999656677246,9.109999656677246,0
2025-10-08,8.842020034790039,9.111000061035156,8.823131561279297,8.842020034790039,8.842020034790039,0
2025-10-09,9.11299991607666,8.88585090637207,8.818053245544434,9.11299991607666,9.11299991607666,0
2025-10-10,8.88585090637207,9.11299991607666,8.87056827545166,8.88585090637207,8.88585090637207,0
2025-10-13,8.84138011932373,8.875179290771484,8.834226608276367,8.84138011932373,8.84138011932373,0
2025-10-14,8.872955322265625,9.142999649047852,8.872917175292969,8.872955322265625,8.872955322265625,0
2025-10-15,9.163999557495117,9.142999649047852,8.85573959350586,9.163999557495117,9.163999557495117,0
2025-10-16,9.178000450134277,9.178000450134277,8.92967414855957,9.178000450134277,9.178000450134277,0
2025-10-17,9.173999786376953,9.173999786376953,8.856021881103516,9.173999786376953,9.173999786376953,0
2025-10-20,8.87668228149414,9.173999786376953,8.871698379516602,8.87668228149414,8.87668228149414,0
2025-10-21,9.196000099182129,9.196000099182129,8.915721893310547,9.196000099182129,9.196000099182129,0
2025-10-22,9.227499961853027,9.227499961853027,8.92958927154541,9.227499961853027,9.227499961853027,0
2025-10-23,9.227499961853027,8.969314575195312,8.944457054138184,9.227499961853027,9.227499961853027,0
2025-10-24,9.22599983215332,8.945265769958496,8.936517715454102,9.22599983215332,9.22599983215332,0
2025-10-27,8.923762321472168,9.217499732971191,8.930784225463867,8.923762321472168,8.923762321472168,0
2025-10-28,9.222999572753906,8.94193172454834,8.94193172454834,9.222999572753906,9.222999572753906,0
2025-10-29,9.208000183105469,9.208000183105469,8.939576148986816,9.208000183105469,9.208000183105469,0
2025-10-30,9.21399974822998,9.21399974822998,8.96854305267334,9.21399974822998,9.21399974822998,0
2025-10-31,9.255000114440918,9.255000114440918,8.977167129516602,9.255000114440918,9.255000114440918,0
2025-11-03,8.943229675292969,9.018471717834473,8.999167442321777,8.943229675292969,8.943229675292969,0
2025-11-04,9.305999755859375,9.014201164245605,9.014201164245605,9.305999755859375,9.305999755859375,0
2025-11-05,9.305999755859375,9.01804256439209,9.01804256439209,9.305999755859375,9.305999755859375,0
2025-11-06,9.305999755859375,9.289999961853027,9.016018867492676,9.305999755859375,9.305999755859375,0
2025-11-07,9.016018867492676,9.267999649047852,8.971904754638672,9.016018867492676,9.016018867492676,0
2025-11-10,8.959729194641113,8.959729194641113,8.959729194641113,8.962332725524902,8.962332725524902,0
2025-11-11,8.97093391418457,8.98169994354248,8.962285041809082,8.96751880645752,8.96751880645752,0
2025-11-12,8.982708930969238,8.999576568603516,8.982708930969238,8.98169994354248,8.98169994354248,0
2025-11-13,9.279999732971191,9.279999732971191,8.969098091125488,9.267999649047852,9.267999649047852,0
2025-11-14,8.948707580566406,8.948707580566406,8.948707580566406,9.279999732971191,9.279999732971191,0
2025-11-17,8.963665962219238,8.963665962219238,8.942435264587402,8.948862075805664,8.948862075805664,0
2025-11-18,8.950729370117188,8.955013275146484,8.950729370117188,9.255000114440918,9.255000114440918,0
2025-11-19,8.963560104370117,9.244999885559082,8.95930290222168,9.244999885559082,9.244999885559082,0
2025-11-20,9.008288383483887,9.008288383483887,8.997454643249512,9.279999732971191,9.279999732971191,0
2025-11-21,8.981928825378418,9.279999732971191,8.976714134216309,8.997454643249512,8.997454643249512,0
2025-11-24,8.99513053894043,8.99513053894043,8.983875274658203,8.991576194763184,8.991576194763184,0
2025-11-25,8.995253562927246,9.28499984741211,8.978185653686523,9.28499984741211,9.28499984741211,0
2025-11-26,8.941388130187988,9.260000228881836,8.941388130187988,8.94784164428711,8.94784164428711,0
2025-11-27,8.9666748046875,8.9666748046875,8.9666748046875,9.239999771118164,9.239999771118164,0
2025-11-28,8.969615936279297,9.239999771118164,8.969249725341797,8.9666748046875,8.9666748046875,0
2025-12-01,8.95271110534668,8.95271110534668,8.951444625854492,8.957881927490234,8.957881927490234,0
2025-12-02,9.255000114440918,9.255000114440918,8.96288776397705,9.255000114440918,9.255000114440918,0
2025-12-03,8.940590858459473,9.244999885559082,8.940590858459473,9.244999885559082,9.244999885559082,0
2025-12-04,9.222000122070312,9.222000122070312,8.937433242797852,9.222000122070312,9.222000122070312,0
2025-12-05,8.95580005645752,8.95580005645752,8.939455032348633,9.222000122070312,9.222000122070312,0
2025-12-08,8.940107345581055,8.946372032165527,8.940107345581055,8.942716598510742,8.942716598510742,0
2025-12-09,9.258000373840332,9.258000373840332,8.968690872192383,8.946372032165527,8.946372032165527,0
2025-12-10,8.977989196777344,8.977989196777344,8.950310707092285,9.25,9.25,0
2025-12-11,8.899028778076172,8.906425476074219,8.896673202514648,8.906563758850098,8.906563758850098,0
2025-12-12,8.891815185546875,8.912221908569336,8.891815185546875,9.170000076293945,9.170000076293945,0
2025-12-15,8.898786544799805,8.906258583068848,8.886865615844727,8.895832061767578,8.895832061767578,0
2025-12-16,8.887167930603027,8.887167930603027,8.860989570617676,9.180000305175781,9.180000305175781,0
2025-12-17,8.8723783493042,9.15250015258789,8.866954803466797,9.15250015258789,9.15250015258789,0
2025-12-18,8.850676536560059,8.880768775939941,8.850676536560059,9.149999618530273,9.149999618530273,0
2025-12-19,8.87236213684082,8.876222610473633,8.87236213684082,9.170000076293945,9.170000076293945,0
2025-12-22,8.871185302734375,9.149999618530273,8.862683296203613,8.876564025878906,8.876564025878906,0
2025-12-23,8.83415412902832,9.132499694824219,8.829630851745605,9.132499694824219,9.132499694824219,0
2025-12-24,8.830416679382324,8.836562156677246,8.825181007385254,9.125,9.125,0
2025-12-26,8.830416679382324,8.836562156677246,8.825181007385254,9.125,9.125,0
2025-12-29,8.822394371032715,9.125,8.822394371032715,8.836562156677246,8.836562156677246,0
2025-12-30,8.810855865478516,8.816585540771484,8.810855865478516,9.100000381469727,9.100000381469727,0
2025-12-31,8.833181381225586,8.835721015930176,8.82613468170166,9.114999771118164,9.114999771118164,0
2026-01-02,8.85252857208252,8.85252857208252,8.85252857208252,8.835721015930176,8.835721015930176,0
2026-01-05,8.871330261230469,8.888480186462402,8.871330261230469,8.862883567810059,8.862883567810059,0
2026-01-06,8.855353355407715,8.886507987976074,8.855353355407715,9.015000343322754,9.015000343322754,0
2026-01-07,8.898436546325684,8.93220043182373,8.898436546325684,9.1850004196167,9.1850004196167,0
2026-01-08,8.938397407531738,8.938397407531738,8.925935745239258,9.210000038146973,9.210000038146973,0
2026-01-09,8.942367553710938,8.944875717163086,8.942367553710938,9.210000038146973,9.210000038146973,0
2026-01-12,8.935206413269043,8.935206413269043,8.911770820617676,8.950371742248535,8.950371742248535,0
2026-01-13,8.930957794189453,8.933908462524414,8.921667098999023,8.923341751098633,8.923341751098633,0
2026-01-14,8.944089889526367,8.944089889526367,8.922478675842285,9.206999778747559,9.206999778747559,0
2026-01-15,8.9293794631958,9.210000038146973,8.925908088684082,9.1899995803833,9.1899995803833,0
2026-01-16,8.946209907531738,8.946209907531738,8.913566589355469,9.232500076293945,9.232500076293945,0
2026-01-19,8.911726951599121,8.922072410583496,8.911726951599121,8.925165176391602,8.925165176391602,0
2026-01-20,8.913106918334961,8.913106918334961,8.869497299194336,8.922072410583496,8.922072410583496,0
2026-01-21,8.877965927124023,8.879655838012695,8.877965927124023,9.180000305175781,9.180000305175781,0
2026-01-22,8.904308319091797,8.904308319091797,8.888964653015137,9.1875,9.1875,0
2026-01-23,8.86886978149414,8.86886978149414,8.86886978149414,9.170000076293945,9.170000076293945,0
2026-01-26,8.781350135803223,8.802088737487793,8.781350135803223,8.80187702178955,8.80187702178955,0
2026-01-27,9.074999809265137,9.074999809265137,8.784497261047363,8.787116050720215,8.787116050720215,0
2026-01-28,8.723668098449707,8.753178596496582,8.723668098449707,9.050000190734863,9.050000190734863,0
2026-01-29,8.762398719787598,8.769965171813965,8.762398719787598,8.753178596496582,8.753178596496582,0
2026-01-30,8.792702674865723,9.077500343322754,8.787870407104492,8.769965171813965,8.769965171813965,0
2026-02-02,8.844131469726562,8.844131469726562,8.841950416564941,8.856552124023438,8.856552124023438,0
2026-02-03,8.870802879333496,8.880399703979492,8.870802879333496,9.154999732971191,9.154999732971191,0
2026-02-04,8.855356216430664,8.874954223632812,8.850528717041016,8.880399703979492,8.880399703979492,0
2026-02-05,9.170000076293945,9.170000076293945,8.892658233642578,8.874954223632812,8.874954223632812,0
2026-02-06,8.896845817565918,8.896845817565918,8.892252922058105,9.180000305175781,9.180000305175781,0
2026-02-09,8.863422393798828,8.865446090698242,8.85368537902832,8.866083145141602,8.866083145141602,0
2026-02-10,8.83193302154541,9.125,8.8268461227417,9.125,9.125,0
2026-02-11,8.835489273071289,9.114500045776367,8.830028533935547,9.114500045776367,9.114500045776367,0
2026-02-12,8.847865104675293,9.135000228881836,8.847742080688477,9.135000228881836,9.135000228881836,0
2026-02-13,8.858738899230957,9.144000053405762,8.85775375366211,9.144000053405762,9.144000053405762,0
2026-02-16,8.852640151977539,8.858072280883789,8.852640151977539,8.848166465759277,8.848166465759277,0
2026-02-17,8.86850357055664,9.13700008392334,8.837721824645996,8.858072280883789,8.858072280883789,0
2026-02-18,8.82638168334961,8.846429824829102,8.82638168334961,8.823328018188477,8.823328018188477,0
2026-02-19,9.154000282287598,9.154000282287598,8.878876686096191,9.154000282287598,9.154000282287598,0
2026-02-20,9.163999557495117,9.163999557495117,8.881929397583008,9.163999557495117,9.163999557495117,0
2026-02-23,8.836153030395508,8.869189262390137,8.836153030395508,8.86072826385498,8.86072826385498,0
2026-02-24,8.869001388549805,9.17199993133545,8.869001388549805,8.858175277709961,8.858175277709961,0
2026-02-25,8.891342163085938,9.15999984741211,8.885183334350586,8.8945894241333,8.8945894241333,0
2026-02-26,8.850926399230957,9.170000076293945,8.850926399230957,8.86392879486084,8.86392879486084,0
2026-02-27,8.884308815002441,9.170499801635742,8.865276336669922,9.170499801635742,9.170499801635742,0
2026-03-02,8.875575065612793,9.140000343322754,8.875575065612793,8.855112075805664,8.855112075805664,0
2026-03-03,9.234000205993652,9.234000205993652,8.951085090637207,9.234000205993652,9.234000205993652,0
2026-03-04,9.017875671386719,9.305000305175781,8.982804298400879,9.305000305175781,9.305000305175781,0
2026-03-05,8.996671676635742,8.996671676635742,8.994911193847656,9.287500381469727,9.287500381469727,0
2026-03-06,8.993556022644043,9.033370971679688,8.993556022644043,8.994911193847656,8.994911193847656,0
2026-03-09,9.097593307495117,9.399999618530273,9.097593307495117,8.983869552612305,8.983869552612305,0
2026-03-10,9.050775527954102,9.050775527954102,9.040307998657227,9.399999618530273,9.399999618530273,0
2026-03-11,9.041667938232422,9.329999923706055,9.041667938232422,9.329999923706055,9.329999923706055,0
2026-03-12,9.103155136108398,9.103155136108398,9.086467742919922,9.359999656677246,9.359999656677246,0
2026-03-13,9.107650756835938,9.125738143920898,9.107650756835938,9.109113693237305,9.109113693237305,0
2026-03-16,9.140727996826172,9.390999794006348,9.09683895111084,9.121321678161621,9.121321678161621,0
2026-03-17,9.087974548339844,9.390999794006348,9.073954582214355,9.390999794006348,9.390999794006348,0
2026-03-18,9.060660362243652,9.359999656677246,9.055989265441895,9.359999656677246,9.359999656677246,0
2026-03-19,9.11965560913086,9.369999885559082,9.103997230529785,9.369999885559082,9.369999885559082,0
2026-03-20,9.032914161682129,9.354999542236328,9.032914161682129,9.354999542236328,9.354999542236328,0
2026-03-23,9.064126968383789,9.064126968383789,9.03903865814209,9.035155296325684,9.035155296325684,0
2026-03-24,9.357000350952148,9.357000350952148,9.030379295349121,9.357000350952148,9.357000350952148,0
2026-03-25,9.010966300964355,9.322999954223633,9.010966300964355,9.011975288391113,9.011975288391113,0
2026-03-26,9.058459281921387,9.335000038146973,9.035262107849121,9.324999809265137,9.324999809265137,0
2026-03-27,9.034321784973145,9.051761627197266,9.027825355529785,9.031620979309082,9.031620979309082,0
2026-03-30,9.050935745239258,9.34000015258789,9.050935745239258,9.02126407623291,9.02126407623291,0
2026-03-31,9.10154914855957,9.10154914855957,9.083701133728027,9.113423347473145,9.113423347473145,0
2026-04-01,9.0462007522583,9.0462007522583,9.0462007522583,9.34000015258789,9.34000015258789,0
2026-04-02,9.05127239227295,9.319999694824219,9.05127239227295,9.319999694824219,9.319999694824219,0
2026-04-03,9.079358100891113,9.079358100891113,9.079358100891113,9.359999656677246,9.359999656677246,0
2026-04-06,9.359999656677246,9.359999656677246,9.359999656677246,9.079358100891113,9.079358100891113,0
2026-04-07,9.084747314453125,9.084747314453125,9.084747314453125,9.369999885559082,9.369999885559082,0
2026-04-08,8.991539001464844,9.364999771118164,8.991539001464844,9.364999771118164,9.364999771118164,0
2026-04-09,9.300000190734863,9.300000190734863,9.013769149780273,9.300000190734863,9.300000190734863,0
2026-04-10,9.295000076293945,9.295000076293945,9.001289367675781,9.295000076293945,9.295000076293945,0
2026-04-13,9.021499633789062,9.021499633789062,8.990056037902832,8.991005897521973,8.991005897521973,0
2026-04-14,8.959283828735352,8.959283828735352,8.959283828735352,9.2524995803833,9.2524995803833,0
2026-04-15,9.234999656677246,9.234999656677246,8.958935737609863,9.234999656677246,9.234999656677246,0
2026-04-16,8.936779022216797,8.947450637817383,8.936779022216797,9.229999542236328,9.229999542236328,0
2026-04-17,8.936141014099121,9.230999946594238,8.936141014099121,9.230999946594238,9.230999946594238,0
2026-04-20,8.967992782592773,9.220499992370605,8.944930076599121,8.97543716430664,8.97543716430664,0
2026-04-21,8.93786907196045,8.951825141906738,8.93786907196045,9.225000381469727,9.225000381469727,0
2026-04-22,8.958681106567383,8.958681106567383,8.948637008666992,9.25,9.25,0
2026-04-23,8.975074768066406,8.980878829956055,8.975074768066406,8.948637008666992,8.948637008666992,0
2026-04-24,8.959775924682617,8.959775924682617,8.959775924682617,9.257499694824219,9.257499694824219,0
2026-04-27,8.954732894897461,9.248000144958496,8.954732894897461,8.94689655303955,8.94689655303955,0
2026-04-28,8.97265338897705,8.982157707214355,8.963093757629395,8.969630241394043,8.969630241394043,0
2026-04-29,8.965195655822754,9.2524995803833,8.965195655822754,9.2524995803833,9.2524995803833,0
2026-04-30,9.260000228881836,9.260000228881836,8.948417663574219,9.260000228881836,9.260000228881836,0
2026-05-01,9.260000228881836,9.260000228881836,8.948417663574219,9.260000228881836,9.260000228881836,0
2026-05-04,8.953906059265137,9.2475004196167,8.953906059265137,9.2475004196167,9.2475004196167,0
2026-05-05,8.954947471618652,8.954947471618652,8.954947471618652,9.243000030517578,9.243000030517578,0
2026-05-06,8.932777404785156,8.932777404785156,8.895894050598145,9.230999946594238,9.230999946594238,0
2026-05-07,8.879424095153809,8.879424095153809,8.879424095153809,9.194000244140625,9.194000244140625,0
